Workbook

Sheet Свод
A1: Юридик шахслардан олинадиган ер солиғининг ҳисобот шаклини автомат шакллантириш юзасидан таҳлилий жадвал МАЪЛУМОТ
A2: Т/р | B2: Қўшилган қиймат солиғи ҳисоботи жадваллари | C2: АМАЛДА
C3: Жами катаклар сони | D3: жумладан
D4: Автомат шакл-ланади | E4: % | I4: Қўлда тўлдири-лади | J4: %
F5: Кадастр агентлиги, Ўздаерлойиҳа ва интерактив хизмат маълумоти асосида | G5: Солиқ ставкаларни автомат қўйиш ҳисобига | H5: Формула орқали йиғинди ва бошқа иловадан келади
A7: ЖАМИ | C7: =+C8+C9+C11+C12 -> 343 | D7: =SUM(D8:D12) -> 341 | E7: =+D7/C7*100 -> 99.41691 | F7: =SUM(F8:F12) -> 190 | G7: =SUM(G8:G12) -> 17 | H7: =SUM(H8:H12) -> 134 | I7: =+I9+I12 -> 2 | J7: =+I7/C7*100 -> 0.58309038
A8: 1 | B8: Хисоб китоб шакли (ноқишлоқ) | C8: =+D8 -> 18 | D8: =+F8+G8+H8 -> 18 | E8: =+D8/C8*100 -> 100 | F8: 0 | G8: 0 | H8: 18 | I8: 0 | J8: =+I8/C8*100 -> 0
A9: 2 | B9: 1-илова (Солиқ тўловчининг ер участкалари тўғрисида маълумот) | C9: 152 | D9: =+F9+G9+H9 -> 152 | E9: =+D9/C9*100 -> 100 | F9: 104 | G9: 16 | H9: 32 | I9: 0 | J9: =+I9/C9*100 -> 0
D10: =+F10+G10+H10 -> 0
A11: 4 | B11: Хисоб китоб шакли (қишлоқ хўжалиги) | C11: =+D11+I11 -> 11 | D11: =+F11+G11+H11 -> 11 | E11: =+D11/C11*100 -> 100 | F11: 0 | G11: 0 | H11: 11 | I11: 0 | J11: 0
A12: 5 | B12: 1-илова (Солиқ тўловчининг ер участкалари тўғрисида маълумот) | C12: =+D12+I12 -> 162 | D12: =+F12+G12+H12 -> 160 | E12: =+D12/C12*100 -> 98.765432 | F12: 86 | G12: 1 | H12: 73 | I12: 2 | J12: =+I12/C12*100 -> 1.2345679

Sheet Ноқишлоқ
B2: Жорий солиқ даврининг 1 январидаги ҳолат бўйича қишлоқ хўжалиги учун мўлжалланмаган ерлар учун юридик шахслардан олинадиган ер солиғи
B3: ҲИСОБ-КИТОБИ (Айланмадан солиқ тўловчилар бўлмаган)
I4: Изох
B5: Кўрсаткичлар | E5: Сатр коди | F5: Ер майдони | G5: Солиқ суммаси
B6: 1 | E6: 2 | F6: 3 | G6: 4
B7: Ер участкасининг умумий майдони, мазкур ҳисоб-китобга 1-илованинг 010-сатр 4 ва 13-устунлари | E7: 010 | F7: ='Ноқишлоқ-илова'!E8 -> 0 | G7: ='Ноқишлоқ-илова'!N8 -> 0 | I7: Мазкур сатр 1-илованинг 010-сатри 4 ва 13-устунларнинг йиғиндисидан формула орқали шаклланади.
B8: Солиқ солинмайдиган ер майдони - мазкур ҳисоб-китобга 1-илованинг 010-сатр 9 ва 10-устунлари | E8: 020 | F8: ='Ноқишлоқ-илова'!K8 -> 0 | G8: ='Ноқишлоқ-илова'!K8 -> 0 | I8: Мазкур сатр 1-илованинг 010-сатри 9 ва 10-устунларининг йиғиндисидан формула орқали шаклланади.
B9: Солиқ базаси мазкур ҳисоб-китобга 1-илованинг 010-сатр 11-устунлари | E9: 030 | F9: ='Ноқишлоқ-илова'!L8 -> 0 | G9: х | I9: Мазкур сатр 1-илованинг 010-сатри 11-устунининг йиғиндисидан формула орқали шаклланади.
B10: Йил учун бюджетга тўланиши лозим бўлган жами солиқ суммаси мазкур ҳисоб-китобга 1-илованинг 010-сатр 13-устуни | E10: 040 | F10: х | G10: ='Ноқишлоқ-илова'!N8 -> 0 | I10: Мазкур сатр 1-илованинг 010-сатри 13-устунининг йиғиндисидан формула орқали шаклланади.
B11: шу жумладан: | E11: х | F11: х | G11: х
B12: январь ой учун – 1 февралгача | E12: 0401 | F12: х | G12: =G10/12 -> 0 | I12: Ҳисобланган солиқ суммаси тенг улушларда ойларга тақсимланади.
B13: февраль ой учун – 10 февралгача | E13: 0402 | F13: х | G13: =G10/12 -> 0
B14: март ой учун – 10 мартгача | E14: 0403 | F14: х | G14: =G10/12 -> 0
B15: апрель ой учун – 10 апрелгача | E15: 0404 | F15: х | G15: =G10/12 -> 0
B16: май ой учун – 10 майгача | E16: 0405 | F16: х | G16: =G10/12 -> 0
B17: июнь ой учун – 10 июнгача | E17: 0406 | F17: х | G17: =G10/12 -> 0
B18: июль ой учун – 10 июлгача | E18: 0407 | F18: х | G18: =G10/12 -> 0
B19: август ой учун – 10 августгача | E19: 0408 | F19: х | G19: =G10/12 -> 0
B20: сентябрь ой учун – 10 сентябргача | E20: 0409 | F20: х | G20: =G10/12 -> 0
B21: октябрь ой учун – 10 октябргача | E21: 0410 | F21: х | G21: =G10/12 -> 0
B22: ноябрь ой учун – 10 ноябрча | E22: 0411 | F22: х | G22: =G10/12 -> 0
B23: декабрь ой учун – 10 декабргача | E23: 0412 | F23: х | G23: =G10-SUM(G12:G22) -> 0

Sheet Ноқишлоқ-илова
K1: =88+64 -> 152
B2: Солиқ тўловчининг ер участкалари тўғрисида
B3: МАЪЛУМОТ
B5: Ер участкаси жойлашган жойи | C5: Сатр коди | D5: Кадастр рақами | E5: Ер майдони, гектар | F5: Жорий йилда ер участкаси ҳуқуқи пайдо бўлган | H5: Ер участкаси ҳуқуқи бекор қилинган | J5: Солиқ солинмайдиган ер майдони | L5: Солиқ солинадиган база, гектар | M5: Солиқ ставкаси, 1 гектар учун, (сўмда) | N5: Солиқ суммаси (сўмда) | P5: Изоҳ
F6: сана | G6: ер майдони, гектар | H6: сана | I6: ер майдони, гектар | J6: ер майдони гектар | K6: суммаси
B7: 1 | C7: 2 | D7: 3 | E7: 4 | F7: 5 | G7: 6 | H7: 7 | I7: 8 | J7: 9 | K7: 10 | L7: 11 | M7: 12 | N7: 13
B8: Юридик шахснинг ер участкалари жами: (020-сатр+030-сатр+040-сатр+050-сатр+060-сатр+070-сатр+080-сатр) | C8: 010 | D8: х | E8: 0 | F8: х | G8: 0 | H8: х | I8: 0 | J8: 0 | K8: 0 | L8: 0 | M8: 0 | N8: 0 | P8: Мазкур сатр 020+..+080 сатрлар йиғиндисидан автомат шаклланади
B9: Белгиланган ставка бўйича солиқ солинадиган ер участкалари | C9: 020 | D9: х | E9: 0 | F9: х | G9: 0 | H9: х | I9: 0 | J9: 0 | K9: 0 | L9: 0 | M9: 0 | N9: 0 | P9: Мазкур сатрнинг 1,3,4,5,6,7,8,12-устунлари Кадастр агентлиги маълумотлари асосида, 9,10-устунлари "Е-Имтиёз" дастуридан 11,13-устунлари формула орқали автоматик шаклланади.
B10: Ер майдонларидан ҳужжатларсиз ёхуд ер учаскасига бўлган ҳуқуқни тасдиқловчи ҳужжатларда кўрсатилганидан каттароқ ҳажмда фойдаланилган ер участкалари | C10: 030 | D10: х | E10: 0 | F10: х | G10: 0 | H10: х | I10: 0 | J10: х | K10: х | L10: 0 | M10: 0 | N10: 0 | P10: Мазкур сатр 1,3,4,5,6,7,8,12-устунлари Кадастр агентлиги маълумотлари асосида 11,13-устунлар формула орқали автоматик шаклланади.
B11: Тугалланмаган қурилиш объектларига тегишли ер участкалари | C11: 040 | D11: х | E11: 0 | F11: х | G11: 0 | H11: х | I11: 0 | J11: х | K11: х | L11: 0 | M11: 0 | N11: 0 | P11: Мазкур сатр 1,3,4,5,6,7,8,12-устунлари Кадастр агентлиги маълумотлари асосида 11,13-устунлар формула орқали автоматик шаклланади.
B12: Конлар ва карьерлар банд этган ерлар | C12: 050 | D12: х | E12: 0 | F12: х | G12: 0 | H12: х | I12: 0 | J12: 0 | K12: 0 | L12: 0 | M12: 0 | N12: 0 | P12: Мазкур сатрнинг 1,3,4,5,6,7,8,12-устунлари Кадастр агентлиги маълумотлари асосида, 9,10-устунлари "Е-Имтиёз" дастуридан 11,13-устунлари формула орқали автоматик шаклланади.
B13: Лалми-яйлов зонада жойлашган конлар ва карьерлар банд этган ерлар | C13: 060 | D13: х | E13: 0 | F13: х | G13: 0 | H13: х | I13: 0 | J13: 0 | K13: 0 | L13: 0 | M13: 0 | N13: 0 | P13: Мазкур сатрнинг 1,3,4,5,6,7,8,12-устунлари Кадастр агентлиги маълумотлари асосида, 9,10-устунлари "Е-Имтиёз" дастуридан 11,13-устунлари формула орқали автоматик шаклланади.
B14: Лалми-яйлов зонада жойлашган ерлар | C14: 070 | D14: х | E14: 0 | F14: х | G14: 0 | H14: х | I14: 0 | J14: 0 | K14: 0 | L14: 0 | M14: 0 | N14: 0 | P14: Мазкур сатрнинг 1,3,4,5,6,7,8,12-устунлари Кадастр агентлиги маълумотлари асосида, 9,10-устунлари "Е-Имтиёз" дастуридан 11,13-устунлари формула орқали автоматик шаклланади.
B15: Солиқ кодексининг 429-моддасига асосан солиқ ставкасига пасайтирувчи коэффициент кўлланиладиган ер участкалари учун: | C15: 080 | D15: х | E15: =SUM(E16:E23) -> 0 | F15: х | G15: =SUM(G16:G23) -> 0 | H15: х | I15: =SUM(I16:I23) -> 0 | J15: 0 | K15: 0 | L15: =SUM(L16:L23) -> 0 | M15: 0 | N15: =SUM(N16:N23) -> 0 | P15: Мазкур сатрнинг 1,3,4,5,6,7,8,12-устунлари Кадастр агентлиги маълумотлари асосида, 9,10-устунлари "Е-Имтиёз" дастуридан 11,13-устунлари формула орқали автоматик шаклланади.
B16: ягона иштирокчилари ногиронларнинг жамоат бирлашмалари бўлган ва ходимлар умумий сонининг камида 50 фоизини ногиронлар ташкил этадиган юридик шахслар эгаллаган ерлар (0,25 коэффициент) | C16: 0801 | D16: 0 | E16: 0 | F16: 0 | G16: 0 | H16: 0 | I16: 0 | J16: 0 | K16: 0 | L16: =E16-J16 -> 0 | M16: =F16-K16 -> 0 | N16: =L16*M16*0.25 -> 0 | P16: Мазкур сатрнинг 1,3,4,5,6,7,8,12-устунлари Кадастр агентлиги маълумотлари асосида, 9,10-устунлари "Е-Имтиёз" дастуридан 11,13-устунлари формула орқали автоматик шаклланади.
B17: электр узатиш линиялари, уларнинг подстанциялари ва иншоотлари эгаллаган ерлар | C17: 0802 | D17: 0 | E17: 0 | F17: 0 | G17: 0 | H17: 0 | I17: 0 | J17: 0 | K17: 0 | L17: =E17-J17 -> 0 | M17: =F17-K17 -> 0 | N17: =L17*M17*0.3 -> 0 | P17: Мазкур сатрнинг 3,4,5,6,7,8-устунлари Интерактив хизмат орқали солиқ тўловчи томонидан юборилган маълумотлар асосида. (12-устун автоматик равишда, 11-13-устунлар формула орқали шаклланади.)
B18: умумдавлат алоқа линиялари эгаллаган ерлар | C18: 0803 | D18: 0 | E18: 0 | F18: 0 | G18: 0 | H18: 0 | I18: 0 | J18: 0 | K18: 0 | L18: =E18-J18 -> 0 | M18: =F18-K18 -> 0 | N18: =L18*M18*0.3 -> 0
B19: умумий фойдаланишдаги темир йўллар эгаллаган ерлар | C19: 0804 | D19: 0 | E19: 0 | F19: 0 | G19: 0 | H19: 0 | I19: 0 | J19: 0 | K19: 0 | L19: =E19-J19 -> 0 | M19: =F19-K19 -> 0 | N19: =L19*M19*0.3 -> 0
B20: магистрал нефть ва газ қувурлари банд этган ерлар | C20: 0805 | D20: 0 | E20: 0 | F20: 0 | G20: 0 | H20: 0 | I20: 0 | J20: 0 | K20: 0 | L20: =E20-J20 -> 0 | M20: =F20-K20 -> 0 | N20: =L20*M20*0.3 -> 0
B21: самолётларнинг учиш-қўниш майдонлари, ерда бошқариш йўлкалари ва тўхташ жойлари, фуқаро авиацияси аэропортларининг радионавигация ва электр ёритиш ускуналари эгаллаган ерлар | C21: 0806 | D21: 0 | E21: 0 | F21: 0 | G21: 0 | H21: 0 | I21: 0 | J21: 0 | K21: 0 | L21: =E21-J21 -> 0 | M21: =F21-K21 -> 0 | N21: =L21*M21*0.3 -> 0
B22: Давлат дастурларига киритилган объектлар қурилиши учун ажратилган ерлар − қурилишнинг норматив муддати даврида | C22: 0807 | D22: 0 | E22: 0 | F22: 0 | G22: 0 | H22: 0 | I22: 0 | J22: 0 | K22: 0 | L22: =E22-J22 -> 0 | M22: =F22-K22 -> 0 | N22: =L22*M22*0.3 -> 0
B23: консервацияга қўйилиши тўғрисида Вазирлар Маҳкамасининг қарорлари қабул қилинган объектлар эгаллаган ерлар − уларнинг консервацияси даврида | C23: 0808 | D23: 0 | E23: 0 | F23: 0 | G23: 0 | H23: 0 | I23: 0 | J23: 0 | K23: 0 | L23: =E23-J23 -> 0 | M23: =F23-K23 -> 0 | N23: =L23*M23*0.3 -> 0
D24: Мазкур устун Кадастр агентилиги маълумотидан автомат шакланади | J24: "Е-имтиёз" дастурий махсулидан автоматик шаклланади | L24: Мазкур устун формула орқали автомат шакланади | M24: Солиқ ставкаси хар бир коди бўйича автоматик шакллантирилади | N24: Мазкур устун формула орқали автомат шакланади
B25: Изох:
B26: 1. 030-сатрга киритилган ер участкалари бўйича солиқ ставкаси Солиқ кодексининг 429-моддасига кўра автомат тарзда 2 бараварга кўпайтирилади.
B27: 2. 040-сатрга киритилган ер участкалари бўйича солиқ ставкаси Солиқ кодексининг 429-моддасига кўра автомат тарзда 2 бараварга кўпайтирилади.
B28: 3. 050-сатрга киритилган ер участкалари бўйича солиқ ставкаси Солиқ кодексининг 429-моддасига кўра 0,1 коэффициент қўлланилган ҳолда ҳисобланади.
B29: 4. 060-сатрга киритилган ер участкалари бўйича солиқ ставкаси Солиқ кодексининг 429-моддасига кўра 0,05 коэффициент қўлланилган ҳолда ҳисобланади.
B30: 5. 070-сатрга киритилган ер участкалари бўйича солиқ ставкаси Солиқ кодексининг 429-моддасига кўра 0,3 коэффициент қўлланилган ҳолда ҳисобланади.
B31: 6. 080-сатрга киритилган ер участкалари (0801-сатр бундан мустасно) бўйича солиқ ставкаси Солиқ кодексининг 429-моддасига кўра 0,3 коэффициент қўлланилган ҳолда ҳисобланади.
B32: 7. 5 ва 6-устунлар жорий йилда ер участкаси ҳуқуқи пайдо бўлганда тўлдирилади.
B33: 8. 7 ва 8-устунлар жорий йилда ер участкаси ҳуқуқи бекор бўлганда тўлдирилади.
B34: 9. 9 ва 10-устунлар "E-Imtiyoz" дастурига киритилган объектлар бўйича автоматик шаклланади.

Sheet Қишлоқ
A1: СТИР
A3: Ҳужжат тури | I3: йил
A4: Ҳужжат тури: 1 – ҳисоб-китоб, 2 – аниқлаштирувчи (каср орқали аниқлаштирув рақами).
A7: Солиқ тўловчининг тўлиқ номи
A9: Почта манзили
A11: Ҳисоб-китоб топшириш муддати (кун/ой/йил)
A13: Тақдим этилади
F14: (рўйхатга олинган давлат солиқ хизмати органининг ёки ер майдони жойлашган ҳудуд номи)
A16: Жорий солиқ даврининг 1 январь ҳолатига қишлоқ хўжалиги учун мўлжалланган
A17: ерлар бўйича тўланадиган ер солиғи
A18: ҲИСОБ-КИТОБИ
A19: Кўрсаткич | F19: Сатр коди | G19: Ер майдони (гектар) | H19: Норматив қиймат | I19: Солиқ суммаси (сўмда)
A20: Ер участкасининг умумий майдони бўйича (мос равишда мазкур Ҳисоб-китобга илованинг 010-сатридаги 3, 12, 14-устунлари) | F20: 010
A21: Солиқ солинмайдиган ер участкалари бўйича (мос равишда мазкур Ҳисоб-китобга илованинг 010-сатридаги 9-устун, (9-устун х 11-устун), 10-устун) | F21: 020
A22: Солиқ солинадиган ер участкалари бўйича (010-сатр - 020-сатр) | F22: 030 | I22: х
A23: Бюджетга тўланиши лозим бўлган жами солиқ суммаси (мазкур Ҳисоб-китобга илованинг 010-сатридаги 14-устун) | F23: 040 | G23: х | H23: х
A24: 1 сентябргача (30%) | F24: 0401 | G24: х | H24: х
A25: 1 декабргача (солиқнинг қолган миқдори) | F25: 0402 | G25: х | H25: х
A28: Раҳбар
A30: Бош ҳисобчи

Sheet Қишлоқ-илова
D1: Жорий солиқ даврининг 1 январь ҳолатига қишлоқ хўжалиги учун мўлжалланган ерлар бўйича тўланадиган ер солиғи ҳисоб-китобига 1-ИЛОВА
A2: СТИР
A3: Солиқ тўловчининг ер участкалари тўғрисида
A4: МАЪЛУМОТ
A5: Кўрсаткичлар | B5: Сатр коди | C5: Майдон, гектар | D5: Хужжатларсиз ёки ҳуқуқни тасдиқловчи ҳужжатларда кўрсатилганидан каттароқ ҳажмда фойдаланилган ер майдони, гектар | E5: Ер участкасига ижара ҳуқуқи берилган | G5: Ер участкасига ижара ҳуқуқи бекор қилинган | I5: Cолиқ солинмайдиган ер участкаси | K5: Солиқ солинадиган база, гектар | L5: Ернинг норматив қиймати | N5: Солиқ ставкаси | O5: Сумма
E7: сана | F7: ер майдони, гектар | G7: сана | H7: ер майдони гектар | I7: ер майдони | J7: солиқ суммаси | L7: 1 гектар учун | M7: жами ер майдон учун
A8: 1 | B8: 2 | C8: 3 | D8: 4 | E8: 5 | F8: 6 | G8: 7 | H8: 8 | I8: 9 | J8: 10 | K8: 11 | L8: 12 | M8: 13 | N8: 14 | O8: 15
A9: Жами ер майдони, шу жумладан: | B9: 010 | E9: х | G9: х | N9: 0.95
A10: Экин ерлар: | B10: 011 | E10: х | G10: х
A11: суғориладиган | B11: 0111
A12: лалми | B12: 0112
A13: Боғлар: | B13: 012 | E13: х | G13: х
A14: суғориладиган | B14: 0121
A15: лалми | B15: 0122
A16: Узумзорлар: | B16: 013 | E16: х | G16: х
A17: суғориладиган | B17: 0131
A18: лалми | B18: 0132
A19: Бошқа кўп йиллик дарахтзорлар: | B19: 014 | E19: х | G19: х
A20: суғориладиган | B20: 0141
A21: лалми | B21: 0142
A22: Бўз ерлар: | B22: 015 | E22: х | G22: х
A23: суғориладиган | B23: 0151
A24: лалми | B24: 0152
A25: Пичанзор ва яйловлар: | B25: 016 | E25: х | G25: х
A26: суғориладиган | B26: 0161
A27: суғорилмайдиган | B27: 0162
A28: Ижтимоий иморатлар ва ҳовлилар | B28: 017
A29: Иссиқхоналар | B29: 018
A30: Балиқчилик ҳовузлари | B30: 019
A31: ... | B31: 020
A32: Ўздаверлойиха институти маълумотлари асосида автомат шаклланади | D32: Мустақил тўлдирилади | E32: Мазкур устун интерактив хизмат орқали тақдим этилади | I32: "Е-имтиёз" дастурий махсулидан автоматик шаклланади | K32: Формула орқали | L32: Ўздаверлойиха институти маълумотлари асосида автомат шаклланади | N32: Формула орқали
